subdivision,year,jan,feb,mar,apr,may,jun,ju;,aug,sep,oct,nov,dec,annual_rainfall_mm,state_name
Assam & Meghalaya,2010,0.5,3.1,99.6,389.3,393.4,569.7,415.1,387,318.3,116.2,11.6,7.6,2711.5,ASSAM
Assam & Meghalaya,2011,11.1,11.4,109,92.1,238.3,316,395.8,302.6,221.6,30.2,11.9,3.5,1743.4,ASSAM
Assam & Meghalaya,2012,15.2,6.9,28.8,279.1,185.8,729.7,444.3,289.2,411.6,199.4,17.1,2.3,2609.4,ASSAM
Assam & Meghalaya,2013,1.1,9.6,44,112.8,346.7,286.2,367.8,289.7,229.3,126.3,1,2,1816.4,ASSAM
Assam & Meghalaya,2014,2,28.3,29.3,51.5,351.1,426.4,374.4,484.6,420.2,35,3,0.4,2206.1,ASSAM
Assam & Meghalaya,2015,13.4,15.5,37.5,250.9,332.5,558.5,300.1,590.9,279.9,62.6,14,15.2,2470.9,ASSAM
Assam & Meghalaya,2016,18.9,15.9,64.1,327.8,334,369,498.4,185.3,271.2,136.5,38.2,7.4,2266.9,ASSAM
Assam & Meghalaya,2017,1.7,37.8,116.7,310.9,268.4,485.2,429,483.1,345.4,212.1,10.3,11,2711.7,ASSAM
Sub Himalayan West Bengal & Sikkim,2010,5.6,19.6,77.6,176.6,335.9,558.1,593.4,461.3,308.1,66.2,7.9,2.2,2612.3,WEST BENGAL
Sub Himalayan West Bengal & Sikkim,2011,8.5,19.9,71.2,135,247.8,419.8,612.3,470.3,356.3,46.7,26.7,4.3,2418.7,WEST BENGAL
Sub Himalayan West Bengal & Sikkim,2012,15.3,13.9,45.5,159.8,202.4,604.2,684.5,332.7,434.7,119.4,12.5,7.4,2632.2,WEST BENGAL
Sub Himalayan West Bengal & Sikkim,2013,3,23.6,32.1,114.7,296.5,404.9,588.4,416.3,308,199.8,16.1,2.7,2406.1,WEST BENGAL
Sub Himalayan West Bengal & Sikkim,2014,0.2,26.6,37.7,47.9,308.6,543.2,384.6,563.3,371.5,31.2,5.3,2.4,2322.6,WEST BENGAL
Sub Himalayan West Bengal & Sikkim,2015,15.7,15,64.8,149,304.6,508.2,393.3,626.6,354.9,53.6,23.8,9,2518.6,WEST BENGAL
Sub Himalayan West Bengal & Sikkim,2016,20.7,7.1,98.9,101.4,233.7,570.8,732.1,209.9,494.3,155.6,0,0.3,2624.8,WEST BENGAL
Sub Himalayan West Bengal & Sikkim,2017,3,5.1,84.6,146.8,226.8,400.6,478.6,777.9,390.1,166.5,3.8,1,2684.9,WEST BENGAL
Gangetic West Bengal,2010,0.2,10.3,8,15.9,127.5,189.3,196.3,192.6,192.6,96.2,6.3,29.7,1064.8,WEST BENGAL
Gangetic West Bengal,2011,2.5,2.7,40.5,75,132.6,434.5,219.9,443.2,295.9,36.9,1.3,1.4,1686.5,WEST BENGAL
Gangetic West Bengal,2012,40.7,15.3,4.4,57.7,44.2,146.6,315,261.4,246.9,64.2,47,24.6,1268,WEST BENGAL
Gangetic West Bengal,2013,2.5,10,4.8,45.6,195.9,233.4,263.2,401.4,254,353.2,0,0,1764.1,WEST BENGAL
Gangetic West Bengal,2014,0.9,42.2,19.9,1.9,124.4,193.6,298.7,292.6,229.5,56.9,0.1,0.6,1261.4,WEST BENGAL
Gangetic West Bengal,2015,12.9,5.5,19.3,88.7,57.6,247.2,633.1,260.6,164,32.7,2.3,6.3,1530.3,WEST BENGAL
Gangetic West Bengal,2016,9.9,37.9,14.7,5.8,111.9,172.7,334.7,416.7,233.7,69.8,19.2,0,1427,WEST BENGAL
Gangetic West Bengal,2017,1.4,0,35.2,25.8,106.3,193.7,489.3,264.5,191.4,225.2,21.9,14,1568.6,WEST BENGAL
Orissa,2010,8.8,1.2,5.6,7.8,93,146.4,304.9,282.7,236,133,35.6,37.2,1291.9,ORISSA
Orissa,2011,3.7,16.2,4.9,58.2,75.6,210.1,199.6,358.6,398.7,20.2,0.1,0.4,1346.2,ORISSA
Orissa,2012,50.8,3.6,0.9,34.8,21.3,169.6,324.3,417,242.4,66,72.1,3.1,1405.9,ORISSA
Orissa,2013,3.3,7.8,2.1,53.6,57.7,272.6,380,254.9,208.1,391,1.2,0,1632.4,ORISSA
Orissa,2014,0,17.6,25.1,11.7,111.9,92.2,496.2,386.3,281.1,111.8,2.2,0.9,1536.9,ORISSA
Orissa,2015,15.1,3.3,10.5,67.6,32.6,238.6,294.8,264,237,24.7,6.2,15.6,1210.1,ORISSA
Orissa,2016,2.2,16.7,15.2,8.6,74.9,164.2,280.3,320.8,266.2,93.5,10.4,0.5,1253.5,ORISSA
Orissa,2017,1.7,0,29.8,8.7,55.2,209.5,349.7,301.7,192.2,161.1,30,4.8,1344.5,ORISSA
Jharkhand,2010,0.2,2.3,0.9,6.3,29.2,92.6,170.2,155.1,160.5,55.1,4.7,20,697.1,JHARKHAND
Jharkhand,2011,3.3,2.5,6.4,25.4,55,349,181.8,403.2,324.6,23.3,0,0.1,1374.7,JHARKHAND
Jharkhand,2012,34.6,10.3,1.5,9.6,6.6,121.1,287.2,282.4,217.6,37.8,48.6,7.6,1065,JHARKHAND
Jharkhand,2013,1.1,17.9,1.6,22.3,85,181.5,211.1,278.1,173.8,281.1,0,0,1253.6,JHARKHAND
Jharkhand,2014,9.9,47.5,22.9,1.9,98.2,139.7,321.3,290.9,178.2,44.9,0,1.2,1156.6,JHARKHAND
Jharkhand,2015,12.2,2.6,21.6,55.5,25.5,183.3,429.7,240.7,85.1,22.7,0.2,2.7,1081.8,JHARKHAND
Jharkhand,2016,12.6,7.6,17.5,1,72.8,122.9,301,395.6,287.5,45.6,0,0,1264,JHARKHAND
Jharkhand,2017,5.1,0.1,4.5,6.1,55.9,116,492.1,246,134,103.4,2.3,0.2,1165.8,JHARKHAND
Bihar,2010,0.1,1.1,0.2,6.5,44.4,80.9,191.2,158.4,105.7,33.6,5,2.1,629.2,BIHAR
Bihar,2011,4.2,7.7,9.2,23.9,74.5,211,241.1,278.7,234.1,10,2,0.9,1097.1,BIHAR
Bihar,2012,18.1,2.7,7.3,20.4,18.8,96.2,354,240.4,233.8,34.3,6.4,0,1032.4,BIHAR
Bihar,2013,5.1,22.6,0.6,32.3,89.5,183.3,182,213.6,143.3,197.1,0.4,0,1069.9,BIHAR
Bihar,2014,17,33.5,8.4,0.7,103.9,115.2,265.4,307.6,160.3,47.8,0,1.2,1061,BIHAR
Bihar,2015,12.8,1.8,27.2,38.7,39.5,122.1,231.5,287,101.7,10.4,0,0,872.7,BIHAR
Bihar,2016,9.3,0.6,5.6,3.9,84,128.7,356.4,150.8,357.9,60.8,0,0,1158,BIHAR
Bihar,2017,0.7,0,22.8,21.8,79.7,84.6,379.9,342.8,129.6,50.1,0,0,1112,BIHAR
East Uttar Pradesh,2010,2.2,10,0,0,14.7,23.9,220.8,215.9,184.5,15.5,4.5,0.1,692.2,UTTAR PRADESH
East Uttar Pradesh,2011,1,2.7,1.6,2.9,32.2,163.8,197.9,232.1,146.4,0.6,0,0,781.2,UTTAR PRADESH
East Uttar Pradesh,2012,20.3,1.2,3.4,2.8,0.2,18.5,234.2,156,164.4,0.7,0.3,0.7,602.7,UTTAR PRADESH
East Uttar Pradesh,2013,6.1,59.6,2.7,8.7,1.1,309.7,230,246.1,78.2,97.4,0.5,1.1,1041.4,UTTAR PRADESH
East Uttar Pradesh,2014,47.4,25.8,15.4,1.7,10.7,47.8,224.5,138.1,106.7,74.7,0,8.4,701.2,UTTAR PRADESH
East Uttar Pradesh,2015,30,4.1,48.2,23.2,8.6,95.3,179,175.8,21.9,11.8,0.5,4.9,603.3,UTTAR PRADESH
East Uttar Pradesh,2016,5.3,1.3,9.5,0,39.3,77.1,338.1,224.4,150.7,25.9,0,0,871.7,UTTAR PRADESH
East Uttar Pradesh,2017,9.7,0.1,4.3,2,25.8,50.8,328.9,185.1,85.2,3,0,0,695,UTTAR PRADESH
West Uttar Pradesh,2010,3.2,13.7,0.2,0.4,9.3,12.5,282,213.8,263.9,4.7,12.8,4.1,820.7,UTTAR PRADESH
West Uttar Pradesh,2011,2.1,10.4,3.9,2.8,29.6,175.9,215.9,232.3,101.7,0.7,0.5,1.5,777.4,UTTAR PRADESH
West Uttar Pradesh,2012,14.5,0.1,1.4,4.7,0.3,4,145.1,149.1,67.8,0.5,0.1,2,389.6,UTTAR PRADESH
West Uttar Pradesh,2013,20.4,69.5,3.5,1.6,2.1,190.6,233.9,287.1,52.2,61.2,1.7,8.9,932.8,UTTAR PRADESH
West Uttar Pradesh,2014,48.3,29.4,22.6,5.3,11,22,151.6,81,84.7,14.6,0,16.3,486.9,UTTAR PRADESH
West Uttar Pradesh,2015,31.6,7.2,66.8,21,8.1,72,194.2,143.5,26.5,6.9,2,3,582.7,UTTAR PRADESH
West Uttar Pradesh,2016,2.1,2,10.4,0.5,28.3,60,352.5,182.9,44.7,9.6,0,0,692.8,UTTAR PRADESH
West Uttar Pradesh,2017,22,1.1,8.5,1.4,13.5,85.1,181,129.8,140.7,0.6,0,1.6,585.2,UTTAR PRADESH
Uttarakhand,2010,11.4,62.1,3.8,13.8,47,72.7,455.8,335.7,389.7,8,4.5,19.5,1424,UTTARAKHAND
Uttarakhand,2011,30.9,65.2,18,30.9,84.2,223.1,433.3,523.7,148.4,3.4,1.2,2.3,1564.7,UTTARAKHAND
Uttarakhand,2012,38.8,11.9,28.1,39.2,9.1,46,387.1,419.5,220.6,4.7,3.4,15.5,1223.9,UTTARAKHAND
Uttarakhand,2013,73,188.3,22,24.7,18.2,488.9,413.4,359.4,111.3,29.1,3.2,3.8,1735.4,UTTARAKHAND
Uttarakhand,2014,45.9,99.9,68.4,37.6,52.9,62.9,462.7,264.2,107.9,40.8,0,44.3,1287.4,UTTARAKHAND
Uttarakhand,2015,54.5,62.6,127.3,57.3,38,186.6,337,305.3,52.6,16.8,2.4,7.2,1247.6,UTTARAKHAND
Uttarakhand,2016,5.4,29.3,45.8,9.9,99.3,174.4,508.4,308.5,111.4,12.7,0,3.5,1308.6,UTTARAKHAND
Uttarakhand,2017,36.6,13.5,44.5,52.8,108.2,175.6,460.9,349,213.4,2.8,0.2,18.3,1476,UTTARAKHAND
Haryana Delhi & Chandigarh,2010,4.8,10.2,0.5,0.8,5.9,29.1,189.3,198.5,183.9,1.1,3.5,12.8,640.5,HARYANA
Haryana Delhi & Chandigarh,2011,0.7,26.7,6.9,8.9,28.7,94.4,85,127.3,133.1,0,0,0.4,512,HARYANA
Haryana Delhi & Chandigarh,2012,8.2,0.2,0.1,11.8,3.8,5.3,68.1,196.6,90.7,2.4,0.6,3.5,391.4,HARYANA
Haryana Delhi & Chandigarh,2013,21.1,52.2,5.3,3.3,1.4,62.1,96.5,161.9,42.8,10.9,1.7,2.1,461.2,HARYANA
Haryana Delhi & Chandigarh,2014,13,17.3,26.8,7.5,20.3,25.9,72.3,34.8,67.3,10.5,0.2,9.6,305.5,HARYANA
Haryana Delhi & Chandigarh,2015,12.4,6.6,71.8,34.8,8.4,43.7,130.3,89.2,32.1,3.7,2.3,0.2,435.3,HARYANA
Haryana Delhi & Chandigarh,2016,0,1.1,20.7,0.6,26.7,35.8,159.8,133,14.8,5.2,0,1,398.7,HARYANA
Haryana Delhi & Chandigarh,2017,34.2,0.3,7.2,4.3,10.3,121.2,69.2,76.5,92.5,0,1.8,4.2,421.6,HARYANA
Punjab,2010,3.8,13.8,1.9,0.7,6,41.8,143.8,96.7,112.8,4.7,1.1,24.4,451.5,PUNJAB
Punjab,2011,3.5,35.6,8.2,17.8,18.9,162.9,120.9,193.5,140.2,0,1,2.6,705.2,PUNJAB
Punjab,2012,62.6,3.2,1.9,31.1,1.6,11.9,120.2,135.1,112.3,2.2,0.4,11,493.6,PUNJAB
Punjab,2013,9.3,50.1,11.6,3.4,3.6,120.3,117.9,217.1,24.4,16.2,6.1,6.6,586.6,PUNJAB
Punjab,2014,21.8,20.1,30.3,24.5,20.8,20.6,76.3,41.9,105.8,6,0.7,14.1,382.7,PUNJAB
Punjab,2015,17.7,31.3,68.5,29.8,16.7,48.3,130.2,88.6,69.2,9,0.8,0.7,510.8,PUNJAB
Punjab,2016,6.5,6,34.6,0.8,24.8,52.6,153.1,144.8,17.4,1.9,0.5,1.1,444,PUNJAB
Punjab,2017,42.4,3,14.5,12.3,12.3,110.8,94.4,122.2,62.7,0,5.2,17.7,497.5,PUNJAB
Himachal Pradesh,2010,25.5,96.6,45.1,60.3,81.4,108.5,291.8,274.1,176.7,30.5,10.8,58.1,1259.4,HIMACHAL PRADESH
Himachal Pradesh,2011,43.9,97.4,49.7,62.4,45.1,118.3,177.7,380.2,120.3,6,0.3,6.9,1108.3,HIMACHAL PRADESH
Himachal Pradesh,2012,92.3,51.3,28.4,55.9,9.4,31.1,241.5,280.6,133.1,3.1,3.2,21.8,951.6,HIMACHAL PRADESH
Himachal Pradesh,2013,79.9,182.6,76.6,28.9,32.6,233.6,208.8,240,65.8,21.8,16.6,24.8,1211.9,HIMACHAL PRADESH
Himachal Pradesh,2014,69.6,124.9,125.2,60.6,68.9,51.7,203.6,146.7,84.6,19.3,4.5,49.3,1008.7,HIMACHAL PRADESH
Himachal Pradesh,2015,67.2,156.6,192.5,84.9,45,85.8,249.9,195.9,75.5,17.7,14.5,25,1210.5,HIMACHAL PRADESH
Himachal Pradesh,2016,18.7,38.4,114.4,47.5,70.2,101.3,194,272.7,56.8,5.3,0,2.2,921.5,HIMACHAL PRADESH
Himachal Pradesh,2017,157.6,46.3,57.4,88,62,123.1,216.1,273.1,103.4,0.3,6.9,48,1182.2,HIMACHAL PRADESH
West Rajasthan,2010,1.9,1.7,0.6,0.6,3,49.5,129.9,163.4,96.5,0.9,20.1,5.2,473.2,RAJASTHAN
West Rajasthan,2011,0,11.8,1.5,1.5,7.8,24.4,88.5,166.8,116.3,0.1,0,0,418.7,RAJASTHAN
West Rajasthan,2012,0.5,0,0,9.5,10.4,5.3,40.4,166.7,92,1.9,0,0.6,327.3,RAJASTHAN
West Rajasthan,2013,8.6,21.8,4.2,3.1,1.7,37.6,104.5,138.2,58.7,10.1,1,0,389.4,RAJASTHAN
West Rajasthan,2014,0.8,2.2,4.7,8.4,23,13.8,94.3,69.6,84.9,0.5,0.2,0,302.4,RAJASTHAN
West Rajasthan,2015,1.4,0.9,30.3,25.2,15.5,53.2,234.6,60.5,35.7,1.1,0.1,0,458.4,RAJASTHAN
West Rajasthan,2016,0.1,1.6,6.7,0.4,4,33.2,80,191.9,11,18.1,0,0,347,RAJASTHAN
West Rajasthan,2017,6,0.3,4.2,3.3,26.1,81.9,219.7,43.1,21.2,0,0.6,1.8,408.3,RAJASTHAN
East Rajasthan,2010,1.9,2.4,0.5,0.4,0.7,27.3,196.2,275.9,128.9,0.8,49.5,5,689.4,RAJASTHAN
East Rajasthan,2011,0,11.2,0.2,0.5,5.1,140.9,193.6,284.1,166.4,0,0,0,802.1,RAJASTHAN
East Rajasthan,2012,1.9,0,0,3.6,9.5,11.2,170.5,365,131.3,0.5,0,0.1,693.6,RAJASTHAN
East Rajasthan,2013,1.4,21.7,0.4,3.2,1,90.6,319,278.5,88,30.6,1.3,0.3,836.1,RAJASTHAN
East Rajasthan,2014,28.4,10,6.4,7.3,8.4,23.5,197.1,261,136.9,3.2,0,1.1,683.3,RAJASTHAN
East Rajasthan,2015,12.1,0.1,55.9,15.9,3.5,96.4,297.6,142.8,20.1,5,0.5,0.8,650.7,RAJASTHAN
East Rajasthan,2016,0.6,0.4,3.8,0,9.5,61.7,326.2,385.6,40.2,32.6,0,0,860.6,RAJASTHAN
East Rajasthan,2017,8.4,0,5.5,0.7,15.1,89.9,293.3,137.3,46.4,0,0.4,3.4,600.3,RAJASTHAN
West Madhya Pradesh,2010,2.2,5.4,0.8,0.1,0.4,62.2,258.5,291.5,136.1,13.6,4.6,0.8,776.3,MADHYA PRADESH
West Madhya Pradesh,2011,0,1.7,0.1,1.8,3.6,241.5,306.7,343.3,165,0.2,0,0,1063.9,MADHYA PRADESH
West Madhya Pradesh,2012,6.2,0,0,0.9,3.1,48.2,439.2,341.2,194.3,2.1,0,0,1035.2,MADHYA PRADESH
West Madhya Pradesh,2013,1.7,31.1,8.5,2.8,0.4,263.7,485.1,432.6,98.9,68.7,0.3,2.4,1396.3,MADHYA PRADESH
West Madhya Pradesh,2014,25.6,34.4,4.6,1.4,1.4,30.6,337.4,211,192.6,7,3,15.8,864.9,MADHYA PRADESH
West Madhya Pradesh,2015,40.2,6.4,53.5,13.3,2,154.1,428.2,276.6,55.6,11,0.3,1,1042.3,MADHYA PRADESH
West Madhya Pradesh,2016,5.2,0.2,2.4,0,10,111.1,432.9,394.8,100.8,40.6,0,0,1098,MADHYA PRADESH
West Madhya Pradesh,2017,4.6,1.9,1.5,0.2,6.9,120,292.8,173.7,151.4,13.5,0.4,2,769,MADHYA PRADESH
East Madhya Pradesh,2010,2.9,10.4,0.1,0.7,1.7,58.4,363.3,271.9,213.4,23.6,10.9,3.3,960.4,MADHYA PRADESH
East Madhya Pradesh,2011,0.6,1.9,0.3,7.1,4.7,332.5,323.6,326.9,276.5,1.1,0,0,1275.2,MADHYA PRADESH
East Madhya Pradesh,2012,39.4,0.7,0.6,1.1,1.2,67.8,398.9,351.7,172.6,12.7,3.8,2.7,1053.1,MADHYA PRADESH
East Madhya Pradesh,2013,2,43.4,14.1,9.5,0.3,311.9,456.2,480.8,78,124.2,0.5,1,1521.9,MADHYA PRADESH
East Madhya Pradesh,2014,32.1,49.7,17.8,5.1,2.5,91.8,283.4,231.8,139.6,56.4,1.9,12.9,924.9,MADHYA PRADESH
East Madhya Pradesh,2015,37.3,11,73.4,25.8,6.3,139.2,262.2,272.1,71.6,38.2,1.2,0.9,939.2,MADHYA PRADESH
East Madhya Pradesh,2016,20.2,2.1,17.6,0.1,17.9,99,552.2,462.3,139.6,29,0,0,1340,MADHYA PRADESH
East Madhya Pradesh,2017,4.6,6.7,2,0,11.4,119,353.8,179.1,144,18.8,0.7,0,840.1,MADHYA PRADESH
Gujarat Region,2010,0.2,0,0,0,0,59.3,328.2,431,216.6,12.2,41,0.2,1088.7,GUJARAT
Gujarat Region,2011,0,0.2,0,0,0,16.3,259.2,451.7,162.5,0.4,0,0,890.5,GUJARAT
Gujarat Region,2012,0.1,0,0,0,0,34.4,178.2,230.3,263.8,7.1,0,0,714,GUJARAT
Gujarat Region,2013,0,0.9,0.1,4.6,0,155.7,405.4,211.1,287.3,53.2,0.1,0,1118.6,GUJARAT
Gujarat Region,2014,5.7,0.1,0.2,1,1.3,11.6,307.5,138.6,235.1,3.3,1.3,0,705.7,GUJARAT
Gujarat Region,2015,1.8,0,6.1,5.5,0.9,120.7,354.7,37.4,93.4,2.2,0.3,0,622.9,GUJARAT
Gujarat Region,2016,0,0,0.6,0,0.4,31.8,255.8,303.9,105.3,66.9,0,0,764.9,GUJARAT
Gujarat Region,2017,0,0,0,0,0.2,137.7,613.1,179.7,67.2,15.5,0,11,1024.4,GUJARAT
Saurashtra & Kutch,2010,0.1,0,0,0,0.1,71.1,393.8,391.3,187.6,11.6,64.3,0,1119.9,GUJARAT
Saurashtra & Kutch,2011,0,1.4,0,0,0,26,212.7,290.9,210.1,1.2,0.1,0,742.5,GUJARAT
Saurashtra & Kutch,2012,0,0,0,0.2,0.1,22.4,34.7,34.5,228.5,2.4,0,1,323.8,GUJARAT
Saurashtra & Kutch,2013,1.7,0.2,0.1,8.5,0.1,127.7,171.2,83.3,260.2,28.6,0,0,681.8,GUJARAT
Saurashtra & Kutch,2014,0.3,0,0.1,0.5,2.1,17.3,137.7,118.8,99.2,5.2,2.7,0,383.9,GUJARAT
Saurashtra & Kutch,2015,0.9,0,4.4,2.1,0.8,112.6,226.7,10.6,79.9,3.3,0.3,0,441.7,GUJARAT
Saurashtra & Kutch,2016,0,0,0.3,0,1.1,31.3,110,216,59.6,64.7,0,0,482.9,GUJARAT
Saurashtra & Kutch,2017,0.1,0,0,0,0.1,81.8,368.6,153.5,41.8,4.8,0,1.3,652.1,GUJARAT
Konkan & Goa,2010,2.7,0,0,1.5,8.2,680.8,1405.3,850,531.3,190.2,106.7,1.4,3778.1,MAHARASHTRA
Konkan & Goa,2011,0,0,0,3.4,1.1,857,1384.1,987.9,468.3,120.3,3.1,0,3825.2,MAHARASHTRA
Konkan & Goa,2012,0,0,0,0.6,1.1,633,928.5,762.5,515.3,175.1,2.3,0,3018.4,MAHARASHTRA
Konkan & Goa,2013,1.8,5.4,0.1,0.1,18.5,1028.3,1478.5,497.6,340.7,149.3,2.1,1.5,3524,MAHARASHTRA
Konkan & Goa,2014,1.3,5.3,1.8,0.7,21.3,238.2,1293.2,658,419.5,98.7,8,11.7,2757.5,MAHARASHTRA
Konkan & Goa,2015,2.7,0,36.8,3.6,11.3,764,526.5,377.3,240.9,91.4,27.3,0,2082,MAHARASHTRA
Konkan & Goa,2016,0,0.1,2,0.3,2.1,806.5,1327.3,817,600.2,106.3,2,0.1,3663.9,MAHARASHTRA
Konkan & Goa,2017,0,0,0,0,47,840.4,1095.3,731.2,546.9,156.9,0.7,25,3443.4,MAHARASHTRA
Madhya Maharashtra,2010,2.9,0.1,0.9,2.3,5.4,185.6,280.9,233.2,165.6,77.1,73.4,0.2,1027.5,MAHARASHTRA
Madhya Maharashtra,2011,0,0.3,0.3,5,2.9,133.3,261.4,238.1,148.4,62.8,0,0,852.6,MAHARASHTRA
Madhya Maharashtra,2012,0,0,0,3,1.4,67.9,203,187.8,129.5,95.2,2.2,0,689.8,MAHARASHTRA
Madhya Maharashtra,2013,0.1,5.3,0.8,5.7,6,212.4,311.8,147,210.3,57.8,4,1.3,962.4,MAHARASHTRA
Madhya Maharashtra,2014,3.1,6.2,24.4,7.5,29.8,44,277.9,240.3,120.4,38.5,32.8,13.1,838,MAHARASHTRA
Madhya Maharashtra,2015,1.4,0.8,41.2,9.6,24.4,177,111.7,67.2,146.6,48.3,16.2,0.1,644.5,MAHARASHTRA
Madhya Maharashtra,2016,0,0.7,7.1,1.4,7.7,100.7,319.6,232.7,171.9,62.4,1.1,0.9,906.3,MAHARASHTRA
Madhya Maharashtra,2017,0,0,0.4,0.8,18,189.2,280.9,192,190.1,112.8,5,5.1,994.4,MAHARASHTRA
Matathwada,2010,4.3,5.8,3.9,0.7,4.6,119.7,329.5,291.4,157.3,57.7,36.8,0,1011.6,MAHARASHTRA
Matathwada,2011,0,3.8,0.7,3.5,3.1,79.2,230.1,228.5,90,24.8,0,0,663.5,MAHARASHTRA
Matathwada,2012,0,0,0,0.6,2.3,72.2,161.1,101.4,120,68.8,0.3,0,526.7,MAHARASHTRA
Matathwada,2013,1.5,9.4,2.6,7.9,6.4,160.9,293.4,136.9,154.1,94.3,7.4,13.1,888,MAHARASHTRA
Matathwada,2014,1.4,13.4,79,11.9,7,30.4,105,178.9,84.5,14.2,19.9,3.3,548.9,MAHARASHTRA
Matathwada,2015,10.1,1.6,32,39.6,12.3,118.3,27.4,112.2,154.3,19.5,4.8,0,532.2,MAHARASHTRA
Matathwada,2016,0,3.1,10.8,3,6.3,157.3,276.1,89.2,302.3,100.8,0,0.2,949,MAHARASHTRA
Matathwada,2017,0,0,4.7,0,3.3,182.3,82.5,230.4,146.9,100.4,2.4,2.7,755.6,MAHARASHTRA
Vidarbha,2010,14,1.9,7.5,0.3,1.9,144.8,454.5,384,238,51,37,3.2,1338.1,MAHARASHTRA
Vidarbha,2011,0,1.2,0.1,7.7,0.6,137.9,247.1,302.8,191,4.7,0,0,893.2,MAHARASHTRA
Vidarbha,2012,3.1,0.1,0,0.6,0.2,125.5,370.5,316.2,249.4,34.9,7.3,0,1107.7,MAHARASHTRA
Vidarbha,2013,6.6,13,3.8,2.8,0.5,366.7,535.5,326.1,131.7,133.5,0,0,1520,MAHARASHTRA
Vidarbha,2014,1.2,18.3,49.6,2.6,4,63.3,337.6,191.7,224.9,17.3,6.2,2.3,919.1,MAHARASHTRA
Vidarbha,2015,26.3,4.7,66.3,28.1,12.8,254.6,137.2,288.9,167.5,7,0,0.2,993.8,MAHARASHTRA
Vidarbha,2016,0.7,5.2,20.1,5.1,12.4,165.5,490.2,161.8,227.8,75,0,0,1163.8,MAHARASHTRA
Vidarbha,2017,0.2,0,6.1,0,7.3,147.8,252.2,198.3,133.3,57.5,0.3,0,803,MAHARASHTRA
Chhattisgarh,2010,7.9,4.9,1,5.9,12.6,102.6,426.8,340.3,302.5,54.3,20.2,27.6,1306.6,CHHATTISGARH
Chhattisgarh,2011,0.3,11.5,2.6,35,16.8,183.5,272.6,379.8,382.2,15.5,0,2.8,1302.7,CHHATTISGARH
Chhattisgarh,2012,36.6,4.8,1.1,14.9,9.4,147.3,430.6,442.2,245.3,19.8,20.4,5,1377.4,CHHATTISGARH
Chhattisgarh,2013,2.8,19.7,4.9,45.8,5.7,263.6,418.8,336.6,140.9,180.9,0.3,0,1420,CHHATTISGARH
Chhattisgarh,2014,2.3,29,21.4,17.3,25,104.9,416.7,327.7,252.7,77.9,2.6,1.1,1278.7,CHHATTISGARH
Chhattisgarh,2015,15.8,1.2,21.2,37,13,257.6,248.6,286.6,216.9,17.7,0.6,1.5,1117.6,CHHATTISGARH
Chhattisgarh,2016,6.1,3.6,24.5,4.4,19.6,164.2,361,357.1,295.6,79.8,0,0,1315.8,CHHATTISGARH
Chhattisgarh,2017,0.9,0.7,3.5,0.8,15.6,184.8,378.3,300.4,177.7,61.6,0.2,0,1124.4,CHHATTISGARH
Coastal Andhra Pradesh,2010,21.8,2.3,4.4,14.8,162,156.1,318.9,248.6,230.5,204,210.9,138.2,1712.4,ANDHRA PRADESH
Coastal Andhra Pradesh,2011,0,17.9,0.9,62.3,67.9,86.8,196,215.8,129.7,74.6,4.9,5,861.9,ANDHRA PRADESH
Coastal Andhra Pradesh,2012,37.6,0,2.7,24,39.3,95.4,221.9,221.2,246.5,140,289.7,0,1318.4,ANDHRA PRADESH
Coastal Andhra Pradesh,2013,2,29.6,0.2,48,28.2,127.5,162.4,123.1,132,411.5,53.1,2.8,1120.5,ANDHRA PRADESH
Coastal Andhra Pradesh,2014,0.4,1.2,9.1,6,112.9,45.7,151.8,177.8,144.5,195.6,23.7,6.4,874.9,ANDHRA PRADESH
Coastal Andhra Pradesh,2015,2,0.6,5.5,32.3,34.1,283.8,116,192,201.8,59.7,81.2,2,1010.9,ANDHRA PRADESH
Coastal Andhra Pradesh,2016,1.6,0.9,3.6,3,120.8,189.1,131.5,124.4,224.4,59.7,13.1,36.9,908.9,ANDHRA PRADESH
Coastal Andhra Pradesh,2017,1,0,12.4,8.8,30.8,149.6,153.2,224.2,141.8,123,46.7,1.2,892.7,ANDHRA PRADESH
Telangana,2010,10.3,5.3,1.5,5.6,24.9,127,395.5,308.1,249.8,98.7,40.5,9.3,1276.4,TELANGANA
Telangana,2011,0,11.9,2.6,25.6,9.3,83.9,268.2,225.9,107.6,13.9,4.2,0,753.1,TELANGANA
Telangana,2012,6.7,0,0.2,14,8.4,124.4,300.3,229.9,202.4,83.6,38.7,0,1008.6,TELANGANA
Telangana,2013,2.4,29,0.2,24.4,8.5,213.4,453.8,230.6,161.4,205.9,16.4,2.7,1348.7,TELANGANA
Telangana,2014,0.2,2.9,58.3,10.3,73.3,62.3,146,205.2,146.8,29.6,10.8,0.7,746.4,TELANGANA
Telangana,2015,17.5,0,43,65.7,23.3,266.9,104.4,160.5,158.3,15.6,0.3,1.7,857.3,TELANGANA
Telangana,2016,1.2,0.2,11.5,4.3,55.1,194,235.8,133.7,336.3,70.4,0.5,0.4,1043.4,TELANGANA
Telangana,2017,0,0,8.7,3.2,22.4,202.2,143.2,204.2,115.3,114.6,1.9,0,815.7,TELANGANA
Rayalseema,2010,4.7,0.8,0.6,13,65.4,108.3,187.6,155,122.9,83.4,175.1,46.7,963.5,ANDHRA PRADESH
Rayalseema,2011,0.8,12.1,0,34.6,33,44.5,128.9,163.6,71.2,107.5,106.9,35.1,738,ANDHRA PRADESH
Rayalseema,2012,2.7,0,2.5,32.7,38.8,47,139.7,120,69.5,113.7,86.6,61.9,715,ANDHRA PRADESH
Rayalseema,2013,1.3,30.6,11.5,26.8,38.9,73.8,95.7,110.3,163.2,169.3,38.6,2.6,762.6,ANDHRA PRADESH
Rayalseema,2014,0.2,0.7,12.5,5.1,46.7,66.3,68.7,115.1,81.4,104.6,37.8,12.8,551.8,ANDHRA PRADESH
Rayalseema,2015,1.9,0,13.4,73.4,39.7,73,43.1,123.6,136.3,106.7,383.8,52.2,1047.1,ANDHRA PRADESH
Rayalseema,2016,7.9,0,0.8,0.4,80.5,128.6,131,41.5,90.8,14.1,5.4,54.4,555.4,ANDHRA PRADESH
Rayalseema,2017,3.9,0,12.8,8.8,39.9,88.9,52.2,171.6,194.6,221.1,33.3,7.4,834.5,ANDHRA PRADESH
Tamil Nadu,2010,11.8,0.2,1.9,22.9,91.9,70,81.4,102.9,111.1,148.1,328.6,124.5,1095.2,TAMIL NADU
Tamil Nadu,2011,4.3,11.2,8,91.5,33.4,56,45.5,128.9,76,200.4,230.5,41,926.5,TAMIL NADU
Tamil Nadu,2012,3,0.1,2.5,35.5,41.9,30.1,46.5,98,84.9,235.2,44.5,14,636.1,TAMIL NADU
Tamil Nadu,2013,3.9,30.9,30,20.3,42,54.6,42.7,110.7,113.5,127.9,112.3,53.2,741.9,TAMIL NADU
Tamil Nadu,2014,7.4,6.1,8.1,8.3,139.1,47.8,50.6,117.7,98.9,252.2,110.8,66,913,TAMIL NADU
Tamil Nadu,2015,8.3,2.3,21.7,108.8,112.4,62.4,43.5,81.6,98.4,132.6,379.8,152.8,1204.6,TAMIL NADU
Tamil Nadu,2016,2.5,0.8,3.1,6.3,102.5,63,86.8,55.1,49,65.8,33.8,66.5,535,TAMIL NADU
Tamil Nadu,2017,37.3,1.1,35.4,17.3,73.5,47.9,42,159.4,165.3,155.5,141.5,96.8,973,TAMIL NADU
Coastal Karnataka,2010,14.4,0.4,3.5,62.2,80.2,682.7,1200.2,637.5,468.4,294.7,231.5,11,3686.8,KARNATAKA
Coastal Karnataka,2011,4.8,3.8,8.7,66.1,49.3,1018.4,1080.5,861.3,545.2,178.8,81.5,10.2,3908.6,KARNATAKA
Coastal Karnataka,2012,0,11.4,5.1,77,22.9,650.9,754.6,1027.6,382,115.1,68,3.6,0,KARNATAKA
Coastal Karnataka,2013,2.4,19.6,19,28.5,100.4,1153,1515.3,680.2,379.1,265.1,56.9,10,4229.4,KARNATAKA
Coastal Karnataka,2014,0,0.3,1.9,40.5,181.9,507,1155.4,1121,379.3,226.4,40,30.8,3684.4,KARNATAKA
Coastal Karnataka,2015,1.4,1,32.3,72.2,150.3,735.3,930.9,575.2,260.3,208.5,124.2,14.3,3106,KARNATAKA
Coastal Karnataka,2016,0.5,0,0.2,3.8,94.3,963.1,763.1,471.3,225.9,77.4,14.4,5.7,2619.7,KARNATAKA
Coastal Karnataka,2017,1.1,0,2.5,9.5,129,831.4,820.1,625.2,316.5,185.7,19.4,7.2,2947.6,KARNATAKA
North Interior Karnataka,2010,9.6,2.5,0.5,15.5,39.5,110.1,193.5,207.5,119.2,82.1,71.9,1.2,853.2,KARNATAKA
North Interior Karnataka,2011,0.5,7.2,7.2,41.2,46.8,101.3,150.8,152,69,73.4,5.7,0,655.2,KARNATAKA
North Interior Karnataka,2012,28.5,6.2,0.4,35.4,19.5,60,114.5,105.5,79.2,85.2,46.5,2.9,583.8,KARNATAKA
North Interior Karnataka,2013,1.2,6.1,3,25.4,47.4,99.4,160.7,73.9,201,101,4.2,0.1,723.2,KARNATAKA
North Interior Karnataka,2014,0,6.1,29.2,26.4,93,50.4,136.8,205.2,90.2,80.3,25,14.1,756.8,KARNATAKA
North Interior Karnataka,2015,2.4,0,27.5,50.8,45.3,89.6,38.5,78.4,150.8,61.2,5.7,1.7,551.9,KARNATAKA
North Interior Karnataka,2016,0.3,0.4,6.1,11,50,136.8,162.6,70,155,28.7,3.1,1,625,KARNATAKA
North Interior Karnataka,2017,0,0,10.7,9.9,44.8,131.3,76.8,105.8,206.6,147.9,4.9,0.9,739.6,KARNATAKA
South Interior Karnataka,2010,7.9,1.7,5.6,71.1,94.9,129.1,235.1,228.1,150.7,129.6,183.5,2.5,1239.7,KARNATAKA
South Interior Karnataka,2011,2.1,12.4,12.4,80.2,83.5,177.1,202.4,199.5,111.2,144.8,56.7,5,1087.4,KARNATAKA
South Interior Karnataka,2012,4.6,5.5,8.1,99,45.6,81.8,144.7,236.5,100.6,62.8,82.6,6.2,877.8,KARNATAKA
South Interior Karnataka,2013,0.5,10.1,11.7,34.6,95.6,176.2,307.4,151.7,191.8,103.7,24.9,2.4,1110.7,KARNATAKA
South Interior Karnataka,2014,0.4,2.4,17.7,46.7,130.5,106.8,271.6,254.6,161.6,152.9,20.2,18.7,1184.2,KARNATAKA
South Interior Karnataka,2015,1.7,0.2,24.4,80.5,125.3,218.7,112,136.6,164.5,106.1,138.1,4.4,1112.5,KARNATAKA
South Interior Karnataka,2016,3.6,0.4,3.2,8.8,92,172.2,196.5,85.9,62.8,21.9,9.1,31,687.3,KARNATAKA
South Interior Karnataka,2017,5,0,16.8,34.1,140.9,107.6,125.9,181.4,250.3,178.3,13.8,7.7,1061.7,KARNATAKA
Kerala,2010,18.6,1,31.4,138.9,190.6,667.5,629,356,275.6,441.4,335.1,46.8,3131.8,KERALA
Kerala,2011,20.5,45.7,24.1,165.2,124.2,788.5,536.8,492.7,391.2,227.2,169.7,49.5,3035.1,KERALA
Kerala,2012,7.4,11,21,171.1,95.3,430.3,362.6,501.6,241.1,187.5,112.9,9.4,2151.1,KERALA
Kerala,2013,3.9,40.1,49.9,49.3,119.3,1042.7,830.2,369.7,318.6,259.9,154.9,17,3255.4,KERALA
Kerala,2014,4.6,10.3,17.9,95.7,251,454.4,677.8,733.9,298.8,355.5,99.5,47.2,3046.4,KERALA
Kerala,2015,3.1,5.8,50.1,214.1,201.8,563.6,406,252.2,292.9,308.1,223.6,79.4,2600.6,KERALA
Kerala,2016,3,16.4,22.4,33.3,258.4,595.7,441.5,231,84.1,105.1,57.9,22,1870.9,KERALA
Kerala,2017,12.7,0.3,87.8,52.8,213.3,579.8,378.5,462.6,435.5,228,152.1,61.4,2664.9,KERALA
